title,discount,discounted_price,original_price
PAC-MAN WORLD Re-PAC PS4 & PS5,-40%,$17.99,$29.99
For Honor,-75%,$7.49,$29.99
NARUTO SHIPPUDEN™: Ultimate Ninja® STORM 4,-85%,$8.99,$59.99
Far Cry 5,-85%,$8.99,$59.99
Predator: Hunting Grounds,-50%,$14.99,$29.99
Shadow of the Tomb Raider Definitive Edition,-70%,$11.99,$39.99
NARUTO TO BORUTO: SHINOBI STRIKER Deluxe Edition,-90%,$8.99,$89.99
DRAGON BALL FIGHTERZ - FighterZ Edition,-85%,$14.24,$94.99
Unravel Two,-75%,$4.99,$19.99
Terminator: Resistance Enhanced,-60%,$19.99,$49.99
The Evil Within,-75%,$4.99,$19.99
LEGO® Jurassic World™,-75%,$4.99,$19.99
Mad Max,-75%,$4.99,$19.99
Rise of the Tomb Raider: 20 Year Celebration,-80%,$5.99,$29.99
Tomb Raider: Definitive Edition,-75%,$4.99,$19.99
Mortal Shell: Enhanced Edition,-70%,$8.99,$29.99
Mortal Shell,-70%,$8.99,$29.99
STEEP,-75%,$7.49,$29.99
FINAL FANTASY X/X-2 HD Remaster,-50%,$12.49,$24.99
Persona 4 Arena Ultimax,-50%,$14.99,$29.99
LEGO® CITY Undercover,-80%,$5.99,$29.99
Paint the Town Red,-60%,$7.99,$19.99
Trek to Yomi,-40%,$11.99,$19.99
The Seven Deadly Sins: Knights of Britannia,-85%,$8.99,$59.99
Life is Strange 2 Complete Season,-60%,$12.77,$31.94
Warhammer: Vermintide 2 - Premium Edition,-80%,$8.99,$44.99
Power Rangers: Battle For The Grid,-50%,$9.99,$19.99
Power Rangers: Battle For The Grid - Collector's Edition,-50%,$14.99,$29.99
Nickelodeon All-Star Brawl,-80%,$9.99,$49.99
Street Outlaws 2: Winner Takes All,-80%,$9.99,$49.99
Lawn Mowing Simulator PS4 & PS5,-50%,$9.99,$19.99
Frostpunk: Console Edition,-80%,$5.99,$29.99
LEGO® The Hobbit™,-75%,$4.99,$19.99
Five Nights at Freddy's 4,-50%,$3.99,$7.99
Cars 3: Driven to Win,-90%,$3.99,$39.99
Monster Jam Steel Titans 2,-67%,$13.19,$39.99
Just Shapes & Beats,-30%,$13.99,$19.99
Wolfenstein: The New Order,-75%,$4.99,$19.99
Wolfenstein: The Two-Pack,-75%,$7.49,$29.99
Five Nights at Freddy's 2,-50%,$3.99,$7.99
MY HERO ONE'S JUSTICE,-90%,$5.99,$59.99
Bugsnax,-60%,$9.99,$24.99
Olympic Games Tokyo 2020 – The Official Video Game™,-80%,$7.99,$39.99
The Walking Dead: The Complete First Season,-60%,$5.99,$14.99
Axis Football 2023,-25%,$14.99,$19.99
Rabbids®: Party of Legends,-60%,$15.99,$39.99
Just Cause 4 - Complete Edition,-80%,$13.99,$69.99
Oddworld: Soulstorm Enhanced Edition,-60%,$15.99,$39.99
Dungeons of Sundaria,-25%,$14.99,$19.99
Deus Ex: Mankind Divided,-85%,$4.49,$29.99
Outlast: Bundle of Terror,-90%,$2.89,$28.99
Ultimate Custom Night,-50%,$3.99,$7.99
Pillars of Eternity II: Deadfire - Ultimate Edition,-75%,$14.99,$59.99
Terminator: Resistance,-60%,$15.99,$39.99
Party Panic,-40%,$10.19,$16.99
Escape Academy,-25%,$14.99,$19.99
Five Nights at Freddy's: Sister Location,-50%,$3.99,$7.99
Broforce,-80%,$2.99,$14.99
The Walking Dead Onslaught,-80%,$5.99,$29.99
DYSMANTLE,-50%,$9.99,$19.99
Plants vs. Zombies™ Garden Warfare 2: Deluxe Edition,-70%,$7.49,$24.99
A Hat in Time,-50%,$14.99,$29.99
Stellaris: Console Edition,-75%,$9.99,$39.99
The Walking Dead: Season Two,-60%,$5.99,$14.99
RAGE 2,-75%,$9.99,$39.99
NARUTO SHIPPUDEN: Ultimate Ninja STORM 3 Full Burst,-80%,$3.99,$19.99
Wolfenstein: Youngblood,-70%,$5.99,$19.99
Monster Energy Supercross - The Official Videogame 4,-85%,$4.49,$29.99
MONOPOLY® Madness,-67%,$9.89,$29.99
Thief,-85%,$2.99,$19.99
Celeste,-60%,$7.99,$19.99
NARUTO: Ultimate Ninja STORM,-75%,$4.99,$19.99
PC Building Simulator,-75%,$4.99,$19.99
TY the Tasmanian Tiger™ 2: Bush Rescue™ HD,-50%,$14.99,$29.99
Jurassic World Evolution: Jurassic Park Edition,-80%,$12.99,$64.99
Jurassic World Evolution Deluxe Edition,-75%,$13.74,$54.99
The LEGO® Movie Videogame,-75%,$4.99,$19.99
Kingdoms of Amalur: Re-Reckoning,-70%,$11.99,$39.99
Just Die Already,-66%,$5.09,$14.99
Darksiders III,-80%,$7.99,$39.99
Darksiders III Blades & Whip Edition,-85%,$11.99,$79.99
Relayer PS4 & PS5,-80%,$11.99,$59.99
Far Cry® 4 Gold Edition,-67%,$11.54,$34.99
Five Nights at Freddy's 3,-50%,$3.99,$7.99
SOMA,-90%,$2.99,$29.99
HELLDIVERS™ SUPER-EARTH ULTIMATE EDITION,-60%,$15.99,$39.99
Lords of the Fallen (2014),-80%,$3.99,$19.99
This War of Mine: Final Cut,-40%,$11.99,$19.99
Hunting Simulator,-83%,$3.39,$19.99
Destroy All Humans! 2 (2006),-80%,$3.99,$19.99
Octodad: Dadliest Catch,-85%,$2.24,$14.99
Overpass,-80%,$5.99,$29.99
Totally Reliable Delivery Service,-80%,$2.99,$14.99
WORLD OF FINAL FANTASY,-60%,$9.99,$24.99
NARUTO SHIPPUDEN: Ultimate Ninja STORM 2,-80%,$3.99,$19.99
New Super Lucky's Tale,-65%,$10.49,$29.99
Everybody's Golf,-50%,$9.99,$19.99
Amnesia: Collection,-90%,$2.99,$29.99
Secret of Mana,-50%,$19.99,$39.99
Amnesia: Rebirth,-75%,$7.49,$29.99
Kill It With Fire,-60%,$5.99,$14.99
Children of Morta,-70%,$6.59,$21.99
For The King,-70%,$7.49,$24.99
Home Sweet Home,-67%,$9.89,$29.99
NERF Legends,-80%,$9.99,$49.99
Hellpoint,-80%,$6.99,$34.99
First Class Trouble,-70%,$5.99,$19.99
Forager,-65%,$6.99,$19.99
Darksiders: Fury's Collection - War and Death,-85%,$5.99,$39.99
Moonlighter,-80%,$3.99,$19.99
Succubus With Guns,-30%,$6.99,$9.99
Empire of Sin,-75%,$9.99,$39.99
SWORD ART ONLINE: Hollow Realization Deluxe Edition,-85%,$12.74,$84.99
Universal Flight Simulator,-40%,$5.99,$9.99
Wolfenstein: The Old Blood,-75%,$4.99,$19.99
Until Dawn: Rush of Blood,-60%,$5.99,$14.99
Pathologic 2,-80%,$6.99,$34.99
Killzone Shadow Fall™,-50%,$9.99,$19.99
Daymare: 1998,-80%,$7.99,$39.99
Stubbs the Zombie in Rebel Without a Pulse,-65%,$6.99,$19.99
Axis Football 2021,-25%,$11.24,$14.99
My Friend Pedro,-75%,$4.99,$19.99
Worms™ Battlegrounds,-80%,$4.99,$24.99
Maid of Sker,-50%,$12.49,$24.99
Destroy All Humans! (2005),-80%,$3.99,$19.99
Absolver,-85%,$4.49,$29.99
Everybody's Golf VR,-50%,$14.99,$29.99
Source of Madness,-35%,$12.99,$19.99
TowerFall Ascension,-80%,$2.99,$14.99
Aeterna Noctis,-50%,$14.99,$29.99
Valkyria Chronicles 4 Complete Edition,-75%,$12.49,$49.99
Spelunky,-90%,$1.49,$14.99
Heliborne,-50%,$14.99,$29.99
Bee Simulator,-65%,$6.99,$19.99
Hotline Miami Collection,-75%,$4.99,$19.99
Final Vendetta,-50%,$12.49,$24.99
GOD EATER: Resurrection,-75%,$4.99,$19.99
Paranormal Activity: The Lost Soul,-60%,$11.99,$29.99
Observer: System Redux,-50%,$14.99,$29.99
The Talos Principle: Deluxe Edition,-85%,$4.49,$29.99
Titan Quest,-80%,$5.99,$29.99
POCOYO PARTY,-55%,$13.49,$29.99
Yooka-Laylee,-85%,$5.99,$39.99
Puyo Puyo™Tetris®,-75%,$4.99,$19.99
Desperados III,-67%,$13.19,$39.99
The Complex,-50%,$6.49,$12.99
Sakura Succubus 6  PS4™ & PS5™,-50%,$3.99,$7.99
South of the Circle,-40%,$7.79,$12.99
EVERSPACE™ - Stellar Edition,-80%,$7.99,$39.99
EVERSPACE™,-85%,$4.49,$29.99
Drawful 2,-60%,$3.99,$9.99
Sherlock Holmes: Crimes and Punishments,-80%,$7.99,$39.99
Dungeon Munchies,-20%,$13.59,$16.99
Fibbage: The Hilarious Bluffing Party Game,-50%,$3.49,$6.99
ONINAKI,-60%,$19.99,$49.99
Autonauts PS4 & PS5,-70%,$5.99,$19.99
Furi,-65%,$6.99,$19.99
Shining Resonance Refrain,-80%,$5.99,$29.99
American Fugitive,-70%,$5.99,$19.99
Lucky's Tale,-70%,$5.99,$19.99
Wavetale,-34%,$19.79,$29.99
Grand Ages: Medieval,-75%,$7.49,$29.99
A Space for the Unbound,-20%,$15.99,$19.99
UnMetal,-60%,$7.99,$19.99
Blair Witch VR,-50%,$14.99,$29.99
Yooka-Laylee and the Impossible Lair,-80%,$5.99,$29.99
Axis Football 2020,-25%,$7.49,$9.99
Sakura Succubus 5  PS4 & PS5,-50%,$3.99,$7.99
Concrete Genie,-50%,$14.99,$29.99
Concrete Genie Digital Deluxe Edition,-50%,$19.99,$39.99
Contagion VR: Outbreak,-40%,$8.99,$14.99
Blade Runner Enhanced Edition,-50%,$4.99,$9.99
Kaze and the Wild Masks,-75%,$7.49,$29.99
Windbound,-90%,$1.99,$19.99
Super Bullet Break,-30%,$13.99,$19.99
Crisis VRigade 2,-30%,$13.99,$19.99
Freezer Pops PS4 & PS5,-40%,$5.99,$9.99
HORSE CLUB ADVENTURES,-40%,$14.99,$24.99
The Guy VR,-55%,$4.49,$9.99
Chronos: Before the Ashes,-75%,$7.49,$29.99
Lonely Mountains: Downhill,-50%,$9.99,$19.99
Vikings - Wolves of Midgard,-60%,$11.99,$29.99
YOGA MASTER,-50%,$12.49,$24.99
Deliver Us The Moon Digital Deluxe,-70%,$8.99,$29.99
CASE 2: Animatronics Survival,-25%,$13.49,$17.99
Synth Riders - Remastered Edition,-20%,$19.99,$24.99
Vampire: The Masquerade - Coteries of New York,-85%,$2.99,$19.99
The Inpatient,-50%,$9.99,$19.99
Talisman: Digital Edition,-50%,$14.99,$29.99
SEVEN: ENHANCED EDITION,-75%,$9.99,$39.99
CASE: Animatronics,-40%,$5.99,$9.99
Don't Knock Twice,-60%,$7.99,$19.99
In rays of the Light,-50%,$3.99,$7.99
"Warhammer 40,000: Space Wolf",-35%,$19.49,$29.99
Manifold Garden,-50%,$9.99,$19.99
Ghost Giant,-70%,$7.49,$24.99
Coaster,-45%,$2.74,$4.99
Winter Ember,-50%,$14.99,$29.99
The Swapper,-90%,$1.49,$14.99
The Mummy Demastered,-50%,$9.99,$19.99
Late Shift,-55%,$5.62,$12.49
RICO,-70%,$5.99,$19.99
This War of Mine: The Little Ones,-90%,$1.99,$19.99
Horse Club™ Adventures 2: Hazelwood Stories,-35%,$19.49,$29.99
Styx: Master of Shadows,-80%,$3.99,$19.99
Five Dates,-40%,$7.79,$12.99
Rugby 20,-80%,$5.99,$29.99
She Sees Red - Interactive Movie,-50%,$4.99,$9.99
Cotton Fantasy,-60%,$15.99,$39.99
Witch College Bundle PS4 & PS5,-50%,$4.49,$8.99
Vampire: The Masquerade - Shadows of New York,-70%,$3.89,$12.99
Blackberry Honey PS4 & PS5,-60%,$5.19,$12.99
Everything,-80%,$2.99,$14.99
"I, AI",-50%,$4.99,$9.99
Mind Labyrinth VR Dreams,-50%,$9.99,$19.99
Freedom Planet,-30%,$10.49,$14.99
The Bard's Tale IV: Director's Cut,-90%,$3.99,$39.99
Robinson: The Journey,-90%,$2.99,$29.99
Scribblenauts Showdown,-90%,$3.99,$39.99
Battle Axe,-50%,$14.99,$29.99
Battle Axe,-40%,$17.99,$29.99
Night Book,-50%,$6.49,$12.99
Eville,-30%,$10.49,$14.99
Megaquarium,-70%,$7.64,$25.49
Yuoni,-50%,$10.99,$21.99
Spidersaurs,-30%,$13.99,$19.99
Wargroove,-60%,$7.99,$19.99
Fade to Silence,-70%,$8.99,$29.99
Bloodshore,-50%,$7.49,$14.99
35MM,-40%,$5.99,$9.99
Trigger Witch PS4 & PS5,-60%,$5.99,$14.99
Shadows: Awakening,-67%,$9.89,$29.99
Handball 21,-80%,$7.99,$39.99
One Night Stand PS4 & PS5,-80%,$0.99,$4.99
One Night Stand,-80%,$0.99,$4.99
Curious Expedition 2,-50%,$9.99,$19.99
Who Pressed Mute on Uncle Marcus?,-40%,$7.79,$12.99
Raw Data,-80%,$7.99,$39.99
Music Racer: Ultimate,-50%,$3.49,$6.99
Deep Diving Adventures,-50%,$9.99,$19.99
Bullet Roulette,-60%,$3.59,$8.99
Darius Cozmic Collection Arcade,-60%,$17.99,$44.99
Natsuki Chronicles,-70%,$5.99,$19.99
Super Sami Roll,-35%,$9.74,$14.99
A Knight's Quest,-80%,$4.99,$24.99
Doctor Who: The Edge of Time,-70%,$7.49,$24.99
Firegirl: Hack 'n Splash Rescue DX,-55%,$8.09,$17.99
SIMULACRA,-55%,$5.84,$12.99
Heidelberg 1693,-30%,$10.49,$14.99
Hue,-30%,$14.99,$14.99
Heavy Fire: Red Shadow,-75%,$4.99,$19.99
Deadlight: Director's Cut,-90%,$1.49,$14.99
DragonRideVR,-60%,$5.99,$14.99
Those Who Remain,-70%,$5.99,$19.99
Agent Intercept PS4 & PS5,-40%,$11.99,$19.99
Axis Football 2018,-25%,$3.74,$4.99
Bomber Crew Deluxe Edition,-75%,$6.24,$24.99
Mars Horizon,-67%,$6.59,$19.99
I Saw Black Clouds,-60%,$5.19,$12.99
Hotshot Racing,-80%,$3.99,$19.99
The Serpent Rogue,-60%,$7.99,$19.99
Manual Samuel,-80%,$1.99,$9.99
8-Bit Armies,-90%,$2.99,$29.99
The Language Of Love,-80%,$2.39,$11.99
Stikbold! A Dodgeball Adventure,-50%,$4.99,$9.99
Witchcrafty,-40%,$5.99,$9.99
Yaga,-75%,$6.24,$24.99
Crisis VRigade,-50%,$4.49,$8.99
Last Days of Lazarus,-25%,$14.99,$19.99
Space Crew: Legendary Edition,-80%,$4.99,$24.99
Brain Beats,-50%,$7.49,$14.99
Blood Waves,-50%,$4.99,$9.99
Mighty Goose,-60%,$7.99,$19.99
FINAL FANTASY XV POCKET EDITION HD,-60%,$11.99,$29.99
Exploria,-35%,$9.09,$13.99
Warhammer: End Times - Vermintide,-90%,$3.99,$39.99
NOSTALGIC TRAIN,-25%,$10.49,$13.99
Cotton Reboot!,-70%,$11.99,$39.99
Constructor,-90%,$3.99,$39.99
DARIUSBURST: Another Chronicle EX+,-70%,$11.99,$39.99
Would you like to run an idol café? 2 PS4 & PS5,-50%,$3.99,$7.99
OhShape,-20%,$15.99,$19.99
Mothmen 1966,-50%,$4.49,$8.99
Highschool Romance PS4 & PS5,-50%,$6.49,$12.99
The Forest Quartet,-25%,$7.49,$9.99
Silenced: The House,-40%,$2.99,$4.99
Figment,-80%,$3.99,$19.99
PLANET ALPHA,-80%,$1.99,$9.99
Aggelos,-80%,$2.99,$14.99
Valthirian Arc: Hero School Story,-80%,$2.99,$14.99
Beholder Complete Edition,-80%,$2.99,$14.99
Boxer,-75%,$2.49,$9.99
Broken Sword 5 - the Serpent's Curse,-90%,$2.49,$24.99
Drunken Fist,-80%,$1.59,$7.99
Carto,-50%,$9.99,$19.99
Free Throw Basketball,-40%,$2.99,$4.99
Pumped BMX +,-80%,$1.99,$9.99
The Shapeshifting Detective,-60%,$5.19,$12.99
Moon Hunters,-80%,$2.99,$14.99
Krut: The Mythic Wings,-50%,$4.99,$9.99
Real Farm - Premium Edition,-70%,$11.99,$39.99
Mortal Blitz,-70%,$5.99,$19.99
The Angry Birds Movie 2 VR: Under Pressure,-30%,$10.49,$14.99
Raging Justice,-90%,$1.49,$14.99
Kholat,-75%,$4.99,$19.99
VirtuaVerse,-50%,$7.49,$14.99
Pantsu Hunter: Back to the 90s,-60%,$5.19,$12.99
Assault Suit Leynos,-80%,$3.99,$19.99
Get Even,-85%,$4.49,$29.99
Legend of Arcadieu Bundle PS4 & PS5,-50%,$3.99,$7.99
Immortal Legacy: The Jade Cipher,-50%,$9.99,$19.99
Kid Ball Adventure PS4 & PS5,-40%,$2.99,$4.99
Pretty Girls Panic! PS4 & PS5,-60%,$2.39,$5.99
Arcade Spirits: The New Challengers,-30%,$13.99,$19.99
8-Bit Hordes,-90%,$2.99,$29.99
A Winter's Daydream,-50%,$2.99,$5.99
Arcade Spirits,-70%,$5.99,$19.99
8-Bit Invaders!,-90%,$2.99,$29.99
REMOTE LIFE PS4 & PS5,-50%,$9.49,$18.99
Racing Karts,-50%,$2.99,$5.99
Racing Karts,-50%,$3.49,$6.99
Whisper Trip,-25%,$9.36,$12.49
Rainbow Billy: The Curse of the Leviathan,-65%,$6.99,$19.99
C14 Dating PS4 & PS5,-70%,$5.99,$19.99
Chenso Club,-33%,$6.69,$9.99
Mini Car Racing 2,-30%,$4.54,$6.49
America Wild Hunting,-40%,$2.99,$4.99
SturmFront - The Mutant War: Übel Edition,-75%,$2.49,$9.99
STELLATUM,-60%,$3.99,$9.99
Serial Cleaner,-80%,$2.99,$14.99
The Bunker,-70%,$5.99,$19.99
Hunter Shooting Camp,-40%,$5.99,$9.99
The Amazing American Circus,-65%,$6.99,$19.99
This is the Zodiac Speaking,-70%,$3.89,$12.99
Tears of Avia,-50%,$7.49,$14.99
Grand Slam Tennis,-40%,$2.39,$3.99
Delicious! Pretty Girls Mahjong Solitaire,-60%,$2.39,$5.99
Smoke And Sacrifice,-80%,$3.99,$19.99
Zombie Vikings,-80%,$2.39,$11.99
The Plane Effect,-60%,$5.99,$14.99
Warp Drive,-20%,$19.99,$24.99
Ginga Force,-70%,$5.99,$19.99
Pnevmo-Capsula,-40%,$2.99,$4.99
DUCATI - 90th Anniversary,-90%,$0.99,$9.99
Repentless,-20%,$2.39,$2.99
Candy Match Kiddies,-40%,$2.99,$4.99
Flipping Death,-80%,$3.99,$19.99
Lone Survivor: The Director's Cut,-80%,$1.99,$9.99
Another Dawn,-40%,$11.99,$19.99
Ski Jumping Pro VR,-50%,$9.99,$19.99
Tennis World Tour - Legends Edition,-85%,$3.74,$24.99
Hell Warders,-90%,$1.49,$14.99
Beasts of Maravilla Island,-45%,$5.49,$9.99
Sigi - A Fart for Melusina,-60%,$1.99,$4.99
Freddy Spaghetti PS4 & PS5,-80%,$0.99,$4.99
The Button Be Fields,-20%,$1.19,$1.49
Beat Cop,-90%,$1.49,$14.99
7th Sector,-60%,$7.99,$19.99
Suicide Guy: Sleepin' Deeply,-92%,$0.47,$5.99
Lunch A Palooza,-60%,$7.99,$19.99
Jack N’ Jill DX,-90%,$0.49,$4.99
Arcade Islands: Volume One,-80%,$3.99,$19.99
Big Pharma,-75%,$7.49,$29.99
The Infectious Madness of Doctor Dekker,-55%,$5.84,$12.99
Roommates,-80%,$3.99,$19.99
Magi Trials PS4 & PS5,-50%,$3.99,$7.99
Gearshifters,-60%,$11.99,$29.99
Within the Blade PS4 & PS5,-70%,$3.29,$10.99
Puzzletronics: Digital Infinite,-50%,$1.99,$3.99
Crazy Strike Bowling EX,-50%,$6.49,$12.99
Trivia Live,-75%,$2.49,$9.99
Project Highrise: Architect's Edition,-80%,$5.99,$29.99
Bloodroots,-55%,$8.99,$19.99
Kansei: The Second Turn HD PS4 & PS5,-70%,$2.39,$7.99
Guns of Icarus Alliance: PS4™ Edition,-75%,$1.24,$4.99
My Memory of Us,-75%,$5.74,$22.99
A Little Lily Princess PS4 & PS5,-70%,$4.49,$14.99
Neon City Riders,-50%,$9.99,$19.99
Music Racer,-50%,$3.49,$6.99
Rebel Cops,-80%,$1.99,$9.99
Reus,-90%,$1.49,$14.99
Inspector Waffles,-75%,$3.49,$13.99
Pretty Girls Klondike Solitaire PS4 & PS5,-60%,$2.39,$5.99
Curious Expedition,-60%,$5.99,$14.99
Virtuous Western PS4 & PS5,-80%,$0.99,$4.99
What Lies in the Multiverse,-75%,$3.74,$14.99
Time Carnage,-70%,$5.99,$19.99
Covert,-30%,$13.99,$19.99
Space Invasion PS4 & PS5,-40%,$2.99,$4.99
TOHU,-50%,$7.49,$14.99
Songbird Symphony,-80%,$3.39,$16.99
Extreme Snowboard,-40%,$5.39,$8.99
I Am The Hero,-80%,$1.99,$9.99
Super Sports Blast,-70%,$7.49,$24.99
Air Hockey,-75%,$2.49,$9.99
Active Neurons - Puzzle Game,-40%,$2.99,$4.99
EARTH'S DAWN,-80%,$5.99,$29.99
Red Bow,-80%,$0.99,$4.99
Trickster VR: Co-op Dungeon Crawler,-30%,$10.49,$14.99
Super Destronaut: Land Wars,-70%,$1.49,$4.99
Bai Qu: Hundreds of Melodies PS4 & PS5,-60%,$3.99,$9.99
Bocce,-40%,$4.79,$7.99
APICO,-30%,$13.99,$19.99
DeMagnete VR,-25%,$14.99,$19.99
Microarcade ApplePie,-50%,$0.74,$1.49
Almost My Floor,-50%,$4.99,$9.99
Genetic Disaster,-75%,$3.74,$14.99
The Tale of Clouds and Wind (QUByte Classics),-30%,$3.49,$4.99
Gravity Duck,-90%,$0.49,$4.99
Stealth Inc: Ultimate Edition,-80%,$2.99,$14.99
Tip Top: Don’t fall!,-40%,$5.99,$9.99
Junkyard Fury 2,-25%,$7.49,$9.99
Decay of Logos,-70%,$5.99,$19.99
Memories of East Coast PS4 & PS5,-70%,$1.49,$4.99
Stick it to the Man™,-80%,$1.59,$7.99
Drowning,-50%,$1.49,$2.99
Himno,-90%,$0.49,$4.99
Hillbilly Doomsday,-50%,$2.49,$4.99
Amazing Superhero Squad,-50%,$3.49,$6.99
My Aunt is a Witch,-60%,$3.99,$9.99
Holy Potatoes! We're In Space?!,-70%,$4.49,$14.99
HellGunner PS4 & PS5,-60%,$1.99,$4.99
Blind Men,-90%,$0.49,$4.99
Fallen Legion: Flames of Rebellion,-85%,$2.99,$19.99
Divination PS4 & PS5,-50%,$2.49,$4.99
Urban Street Fighting,-40%,$2.99,$4.99
Wind Peaks,-50%,$7.49,$14.99
Fallen Knight,-50%,$7.49,$14.99
Catie in MeowmeowLand,-50%,$7.49,$14.99
Trailblazers,-90%,$2.99,$29.99
1971 Project Helios,-55%,$6.74,$14.99
Heal: Console Edition PS4 & PS5,-70%,$2.09,$6.99
Kid Tripp,-80%,$0.79,$3.99
Ravensword: Shadowlands,-70%,$2.09,$6.99
The Samurai Collection (QUByte Classics),-40%,$5.99,$9.99
Nippon Marathon,-80%,$2.99,$14.99
Rogue Explorer PS4 & PS5,-60%,$3.19,$7.99
DragonFangZ - The Rose & Dungeon of Time,-60%,$9.59,$23.99
Clockwork Tales: Of Glass and Ink,-70%,$4.49,$14.99
The Mooseman,-60%,$2.79,$6.99
Gardener's Path PS4 & PS5,-70%,$1.49,$4.99
10 Second Ninja X,-80%,$1.99,$9.99
Tour de France 2021 PS4,-80%,$5.99,$29.99
Cave Digger,-30%,$10.49,$14.99
GIGA WRECKER ALT.,-70%,$7.49,$24.99
Savage Halloween,-50%,$2.49,$4.99
Zero Strain,-80%,$1.99,$9.99
Nicole,-80%,$3.79,$18.99
Syrup and The Ultimate Sweet,-70%,$1.49,$4.99
Attack of the Earthlings,-50%,$9.99,$19.99
Apocalipsis: The Tree of the Knowledge of Good and Evil,-70%,$1.49,$4.99
The Wizard and The Slug PS4 & PS5,-50%,$2.49,$4.99
Active Neurons 3 - Wonders Of The World,-50%,$2.49,$4.99
Super Daryl Deluxe,-50%,$9.99,$19.99
Summertime Madness,-50%,$7.49,$14.99
Archaica: The Path Of Light,-75%,$3.74,$14.99
OVIVO,-60%,$2.79,$6.99
The Swindle,-80%,$2.99,$14.99
Eclipse: Edge of Light,-43%,$8.54,$14.99
Titan Attacks!,-80%,$1.99,$9.99
Pato Box,-70%,$4.49,$14.99
Castle on the Coast,-60%,$5.99,$14.99
Metropolis: Lux Obscura,-60%,$3.19,$7.99
Action Henk,-80%,$2.99,$14.99
Party Pumper,-70%,$5.09,$16.99
Holy Potatoes! A Weapon Shop?!,-70%,$4.49,$14.99
Super Soccer Blast: America vs Europe,-70%,$9.99,$14.99
Aery - A New Frontier,-40%,$5.99,$9.99
Aery - Calm Mind 2,-40%,$5.99,$9.99
Mask of Mists,-60%,$5.99,$14.99
Jisei: The First Case HD,-80%,$0.99,$4.99
SuperEpic: The Entertainment War,-75%,$4.49,$17.99
Hunt,-75%,$2.49,$9.99
Ultratron,-80%,$1.99,$9.99
Miles & Kilo,-80%,$1.59,$7.99
Takotan,-80%,$1.39,$6.99
Takotan,-80%,$1.99,$9.99
Iron Snout,-90%,$0.49,$4.99
Klang 2 PS4 & PS5,-60%,$5.99,$14.99
LA Cops,-50%,$2.49,$4.99
Pool,-75%,$2.49,$9.99
Cake Invaders PS4 & PS5,-60%,$2.39,$5.99
2064: Read Only Memories,-50%,$9.99,$19.99
WARBORN,-85%,$3.74,$24.99
Ultra Mission™,-33%,$2.00,$2.99
Moo Lander,-30%,$12.59,$17.99
SolSeraph,-80%,$2.99,$14.99
Stealth Inc 2: A Game of Clones,-80%,$1.99,$9.99
Headliner: NoviNews,-40%,$8.39,$13.99
Extreme Exorcism,-80%,$1.19,$5.99
Aery - Dreamscape,-40%,$7.19,$11.99
Balancelot,-80%,$1.59,$7.99
I Love Food PS4 & PS5,-50%,$2.49,$4.99
Jump Stars,-80%,$1.99,$9.99
Grand Prix Rock 'N Racing,-75%,$1.99,$7.99
Coffin Dodgers,-70%,$3.59,$11.99
InkSplosion,-90%,$0.49,$4.99
MEGALAN 11,-40%,$5.99,$9.99
Table Tennis,-75%,$2.49,$9.99
Behind Closed Doors: A Developer's Tale,-50%,$2.49,$4.99
Moonfall Ultimate,-60%,$5.19,$12.99
TrainerVR,-50%,$4.99,$9.99
I and Me,-80%,$1.99,$9.99
Why Pizza?,-60%,$1.99,$4.99
Spacewing War PS4 & PS5,-50%,$3.49,$6.99
Active Neurons - Puzzle game,-40%,$2.99,$4.99
A Pixel Story,-80%,$2.39,$11.99
ArtPulse,-90%,$1.29,$12.99
Skatemasta Tcheco,-60%,$1.99,$4.99
Bit Dungeon Plus,-20%,$5.59,$6.99
Swordbreaker The Game,-50%,$2.49,$4.99
Crazy Gravity PS4 & PS5,-60%,$1.99,$4.99
SAOMI,-50%,$1.99,$3.99
Twin Robots: Ultimate Edition,-70%,$2.39,$7.99
Vera Blanc: Ghost In The Castle,-80%,$0.99,$4.99
UltraGoodness 2 PS4 & PS5,-80%,$0.99,$4.99
Lost Artifacts: Frozen Queen,-50%,$4.49,$8.99
Paradox Error,-70%,$1.49,$4.99
Delta Squad,-70%,$1.79,$5.99
Tanuki Justice,-60%,$5.99,$14.99
Speed Limit,-60%,$3.99,$9.99
Energy Cycle,-50%,$1.49,$2.99
Super Pixel Racers,-80%,$2.99,$14.99
Potata: fairy flower,-70%,$4.49,$14.99
Aeon Drive,-50%,$7.24,$14.49
Lord Of The Click,-40%,$2.99,$4.99
Active Neurons 2,-80%,$0.99,$4.99
Wuppo,-90%,$1.99,$19.99
Aero Striker - World Invasion,-40%,$5.99,$9.99
Tinker Racers,-50%,$2.49,$4.99
Dark Sauce,-40%,$2.99,$4.99
State of Anarchy: Master of Mayhem,-80%,$1.59,$7.99
Rune Lord,-40%,$4.19,$6.99
Queeny Army PS4 & PS5,-60%,$1.99,$4.99
Alveole,-50%,$2.49,$4.99
Need a Packet?,-70%,$2.09,$6.99
Immortus Temporus,-60%,$1.99,$4.99
Fast Striker,-80%,$1.39,$6.99
Round Invaders Rush 2,-20%,$1.19,$1.49
Steam Tactics,-60%,$3.99,$9.99
Super Ping Pong Trick Shot,-25%,$5.24,$6.99
Chime Sharp,-40%,$5.99,$9.99
CrossKrush PS4 & PS5,-80%,$0.99,$4.99
Spy Chameleon,-70%,$2.99,$9.99
Blow & Fly PS4 & PS5,-40%,$2.99,$4.99
The Adventures of Elena Temple: Definitive Edition,-40%,$2.99,$4.99
Marble Duel,-25%,$8.99,$11.99
Star Hunter DX,-60%,$3.99,$9.99
Ball laB PS4 & PS5,-60%,$1.99,$4.99
20 Bunnies PS4 & PS5,-60%,$1.99,$4.99
Ice Cream Surfer,-20%,$6.39,$7.99
0 Degrees,-60%,$1.99,$4.99
Supermarket Shriek,-60%,$7.99,$19.99
Mina & Michi PS4 & PS5,-60%,$1.99,$4.99
Crown of the Empire,-50%,$4.49,$8.99
HELLFRONT: HONEYMOON,-80%,$1.99,$9.99
Planet RIX-13,-70%,$1.49,$4.99
Gravity Heroes,-50%,$7.49,$14.99
Aery - Broken Memories,-40%,$8.39,$13.99
Holy Potatoes: What the Hell?!,-70%,$4.49,$14.99
Quantum Replica,-60%,$3.99,$9.99
Retrace: Memories of Death,-70%,$2.39,$7.99
Rift Keeper,-70%,$2.99,$9.99
Bone Marrow PS4 & PS5,-70%,$1.49,$4.99
A Summer with the Shiba Inu,-70%,$2.99,$9.99
Bucket Knight,-50%,$2.49,$4.99
Dungeon Escape,-70%,$1.49,$4.99
Breeder Homegrown: Director's Cut,-70%,$1.49,$4.99
Aircraft Evolution,-60%,$3.99,$9.99
Yasai Ninja,-40%,$1.79,$2.99
From Shadows,-70%,$1.49,$4.99
Soul Axiom,-60%,$4.79,$11.99
Dull Grey,-60%,$1.99,$4.99
Backpack Twins,-20%,$9.59,$11.99
Dungeons & Bombs,-60%,$1.99,$4.99
Dogfight,-75%,$2.49,$9.99
Anomaly 2,-90%,$1.49,$14.99
Mind Maze,-75%,$1.24,$4.99
QUByte Classics - The Humans by PIKO,-50%,$3.99,$7.99
Toro,-40%,$1.79,$2.99
Wanderjahr,-50%,$4.99,$9.99
GLO PS4 & PS5,-70%,$1.49,$4.99
Raven's Hike,-50%,$1.99,$3.99
Knee Deep,-70%,$4.49,$14.99
NORTH,-60%,$1.19,$2.99
Awesome Pea 2,-60%,$1.99,$4.99
Awesome Pea,-60%,$2.39,$5.99
The Tower of Beatrice,-75%,$1.49,$5.99
Explosive Candy World PS4 & PS5,-60%,$1.99,$4.99
Mastho is Together PS4 & PS5,-60%,$1.99,$4.99
Deep Ones,-70%,$1.49,$4.99
Irony Curtain: From Matryoshka with Love,-75%,$4.99,$19.99
Spear of Destiny: The Kaiseki,-35%,$5.84,$8.99
Taimumari: Complete Edition,-40%,$2.99,$4.99
In Extremis DX,-50%,$2.49,$4.99
Mugsters,-50%,$2.49,$4.99
A Hole New World,-20%,$7.99,$9.99
Explosive Jake,-60%,$1.99,$4.99
Norman's Great Illusion,-60%,$1.99,$4.99
Nova-111,-80%,$1.99,$9.99
Vasilis,-75%,$1.24,$4.99
Woodle Tree Adventures Deluxe,-92%,$0.39,$4.99
Tyd wag vir Niemand,-75%,$2.49,$9.99
Energy Cycle Edge,-50%,$2.49,$4.99
El Gancho PS4 & PS5,-60%,$2.79,$6.99
Petal Crash,-30%,$9.79,$13.99
Gutwhale PS4 & PS5,-60%,$1.99,$4.99
Sonar Beat,-20%,$1.99,$2.49
Infinity Runner,-65%,$2.44,$6.99
Axes,-40%,$2.99,$4.99
Headspun,-60%,$5.19,$12.99
Grass Cutter - Mutated Lawns,-70%,$2.09,$6.99
Neon Junctions,-80%,$0.99,$4.99
Air Bounce - The Jump 'n' Run Challenge,-40%,$4.79,$7.99
GRIDD: Retroenhanced,-60%,$4.79,$11.99
Save the Ninja Clan,-70%,$0.89,$2.99
Catty & Batty: The Spirit Guide,-50%,$2.49,$4.99
Escape from Life Inc,-60%,$3.99,$9.99
GraviFire,-60%,$1.99,$4.99
Grab the Bottle,-80%,$0.99,$4.99
Arkan: The Dog Adventurer,-50%,$2.49,$4.99
Of Tanks and Demons III,-40%,$2.99,$4.99
Energy Invasion,-60%,$1.19,$2.99
Acalesia,-40%,$2.99,$4.99
Pixel Devil and the Broken Cartridge,-40%,$2.99,$4.99
Glam's Incredible Run: Escape from Dukha,-60%,$1.99,$4.99
Oliver's Adventures in the Fairyland,-40%,$4.19,$6.99
NeverEnd,-70%,$0.89,$2.99
Rusty Gun,-40%,$2.99,$4.99
OctaFight,-50%,$2.99,$5.99
Alteric,-70%,$1.49,$4.99
Shapeshooter,-50%,$1.99,$3.99
Super Hiking League DX,-50%,$2.49,$4.99
Escape From Tethys,-50%,$4.99,$9.99
Spiral Splatter,-70%,$1.49,$4.99
Royal Roads,-50%,$4.99,$9.99
RAZED,-80%,$2.39,$11.99
Chop is Dish,-40%,$2.99,$4.99
Balthazar's Dream,-20%,$6.39,$7.99
SkyTime,-60%,$1.19,$2.99
Kyurinaga's Revenge,-60%,$3.99,$9.99
Energy Balance,-60%,$1.19,$2.99
One Eyed Kutkh,-70%,$1.49,$4.99
Crashbots,-70%,$2.99,$9.99
Lanternium,-40%,$2.99,$4.99
Lost Artifacts: Time Machine,-50%,$4.99,$9.99
Where Are My Friends?,-80%,$1.19,$5.99
IN-VERT,-40%,$2.99,$4.99
Mecho Wars: Desert Ashes,-70%,$2.99,$9.99
Round Invaders,-40%,$1.79,$2.99
Sudoku Master,-40%,$2.99,$4.99
CANNON ARMY,-40%,$1.49,$2.49
Kanjozoku Game レーサー - Car Racing & Highway Driving Simulator Games,-50%,$7.49,$14.99
ATONE: Heart of the Elder Tree,-33%,$10.04,$14.99
