Primalia,Gilda,5.9,female,Moldova
Kosey,Alameda,4.6,female,Romania
Raimondo,Halette,4.5,female,Moldova
Jobi,Bettine,8,male,Moldova
Lacombe,Keelia,2.4,female,Romania
Ajay,Alleen,5.2,male,Ucraina
Aldric,Edee,2.3,female,Ucraina
Urania,Arabel,2.8,female,Ucraina
Kaete,Monika,7.1,female,Ungaria
Rustice,Kore,6.4,male,Ucraina
Koehler,Jessamyn,2.1,female,Moldova
Israeli,Ileana,2.1,male,Ucraina
Medrek,Vinita,8.3,female,Romania
Myrilla,Merrie,7.6,female,Moldova
Bahr,Regina,1.2,female,Bulgaria
Birdella,Jsandye,9.6,male,Bulgaria
Thomasina,Carol-Jean,9.8,female,Ucraina
Halsey,Carilyn,8.1,male,Ungaria
Boehike,Belva,3.2,female,Ucraina
Wadell,Patricia,6.3,male,Ungaria
Katrine,Adore,8,male,Bulgaria
Smitt,Karina,8.2,female,Ucraina
Colbert,Randa,1.4,female,Ungaria
Schenck,Tarra,4.2,female,Ungaria
Rillings,Katuscha,5.4,male,Bulgaria
Zenas,Ulrike,7.8,male,Ungaria
Irmine,Nikki,7.5,female,Romania
Campball,Rosabelle,4.7,male,Bulgaria
Thornburg,Cindelyn,7.6,male,Romania
Sikorski,Agnese,4.1,male,Romania
Lilybelle,Gertrud,8.4,male,Moldova
MacIntosh,Zondra,9.2,female,Romania
Allys,Jeanna,4.6,female,Moldova
Ries,Jan,6.3,male,Moldova
Isacco,Camile,6.6,female,Ucraina
Brandice,Tomasina,7.4,female,Bulgaria
Chabot,Joceline,5.8,female,Ungaria
Klemperer,Charmaine,9.2,male,Ucraina
Harned,Gilligan,4.7,male,Ucraina
Tyson,Leeanne,5.6,female,Romania
Rugen,Lesly,1,male,Moldova
Agle,Mildrid,1.6,male,Romania
Nea,Wynne,1.3,female,Ungaria
Kravits,Verla,9.4,female,Moldova
Valerio,Quintina,3.5,female,Romania
Aida,Ashlee,4.3,female,Moldova
Ovid,Winny,5.6,female,Romania
Ricki,Amara,7.5,male,Ucraina
Stuart,Melisent,5.6,male,Bulgaria
Hull,Celisse,5,female,Romania
Cavan,Julieta,2.8,male,Bulgaria
Gaspard,Myriam,9.4,male,Ungaria
Merriott,Cristabel,2.6,male,Bulgaria
Abernon,Ilse,2.2,female,Ucraina
Lacombe,Norine,9.9,male,Ucraina
Lanita,Gertrud,2.3,male,Ucraina
Chandler,Dagmar,8.7,male,Moldova
Bollay,Candy,2.6,female,Ungaria
Glenden,Aurelie,5.3,male,Romania
Tannie,Alisha,3.5,female,Ungaria
Love,Teddie,7.3,female,Moldova
Braun,Rubie,3.7,male,Romania
Henebry,Gwyneth,8.8,female,Ucraina
Friede,Luci,8.5,male,Romania
Pierette,Lusa,9.5,male,Bulgaria
Schonfeld,Jordan,8.3,male,Ungaria
Othilia,Tracey,8.7,female,Ucraina
Land,Claudina,5.1,male,Ungaria
Hilbert,Clo,7.8,female,Bulgaria
Hashim,Lexine,8.9,female,Bulgaria
Weinreb,Kirbee,7.6,female,Ucraina
Colleen,Doro,9.8,female,Ucraina
Horan,Stephanie,6.9,male,Romania
Jacqui,Deloria,6.7,male,Moldova
Hermes,Arabel,6.8,female,Bulgaria
Daveta,Elka,7,male,Ucraina
Merell,Aimil,7.7,male,Bulgaria
Alrich,Nita,8.2,male,Moldova
Lubin,Candy,7.7,female,Bulgaria
Ricki,Claudina,7,female,Moldova
Masao,Ardeen,7.5,male,Romania
Christine,Sadie,5.2,female,Moldova
Gaynor,Benita,4.7,male,Ucraina
Milde,Johna,4.2,female,Bulgaria
Carri,Georgetta,8.6,female,Ucraina
Khorma,Stevana,9.2,female,Ungaria
Cimbura,Janenna,3.6,male,Bulgaria
Marsden,Sue,2.1,female,Ucraina
Bow,Estell,7.3,male,Bulgaria
Lenny,Rosanne,6,female,Ucraina
Gillan,Lorne,2.7,female,Romania
Joseph,Allis,9.9,male,Romania
Ball,Aurore,8.6,female,Ungaria
Tillford,Merrie,8.2,male,Ucraina
Gower,Tressa,5.8,male,Moldova
Lewes,Petronia,7.3,female,Ucraina
Fadiman,Tonia,6.9,female,Ungaria
Euridice,Elfreda,9.1,female,Bulgaria
Isacco,Cristabel,6.4,female,Moldova
Laverne,Althea,8.7,female,Romania
Mitzi,Ardys,5.6,female,Ucraina
Tamsky,Xylina,5.8,female,Moldova
Shields,Gale,5.2,female,Ucraina
O'Neill,Layla,8.1,male,Bulgaria
Phyllis,Chastity,2.8,male,Bulgaria
Papageno,Ada,3.4,female,Ungaria
Weitman,Babita,9.4,female,Moldova
Atonsah,Meghann,3.5,male,Romania
Saunderson,Adelle,2.6,male,Ucraina
Chaing,Oona,9.1,female,Romania
Raama,Reeba,2.2,male,Moldova
Sprage,Tobe,7.5,male,Romania
Cohdwell,Ernesta,3.3,female,Romania
Pascia,Jemie,7.3,female,Ungaria
Ophelia,Adele,7.6,female,Moldova
Alrich,Raf,9.9,female,Ungaria
Eugenia,Rosabelle,4.4,male,Ucraina
Buffum,Ricky,4.8,male,Bulgaria
Lucienne,Gaylene,2.7,male,Bulgaria
Milde,Candy,7.7,male,Romania
Taam,Jenda,1.8,male,Bulgaria
Denis,Bernie,3,female,Ungaria
Torray,Lorie,2.6,female,Moldova
Rosemary,Halette,3.6,female,Ungaria
Chrystel,Linet,3.1,female,Bulgaria
Thad,Aigneis,6.9,female,Romania
Lytton,Penelopa,8.8,female,Romania
Prouty,Teddie,6.9,male,Bulgaria
Janith,Chloris,3.4,male,Ucraina
Kravits,Gertrud,5,female,Ungaria
Braun,Isa,1.2,male,Ungaria
Plato,Yolane,6,male,Romania
Kathie,Rochette,1.5,male,Ucraina
Wittie,Daune,6,female,Romania
Kamaria,Millie,3.8,male,Romania
Gino,Janis,3.9,female,Romania
Nadia,Zondra,3,male,Bulgaria
Ioab,Rosaline,6.1,female,Ucraina
Alabaster,Cristabel,4.6,female,Moldova
Syd,Angelique,9.9,female,Ucraina
Craggie,Sabina,3.4,male,Moldova
Vivle,Fanny,1.5,female,Ungaria
Kirbee,Nataline,2,male,Bulgaria
Fry,Elise,3.3,female,Bulgaria
Dominy,Wileen,5.9,male,Bulgaria
Cullin,Fred,5.3,female,Moldova
Leary,Mahalia,1.4,female,Ungaria
Jobi,Kial,4,male,Romania
Tjon,Ezmeralda,8.9,male,Ungaria
Norvol,Ayn,1.8,female,Moldova
Kevon,Doro,1.4,female,Ungaria
Tamsky,Veda,7.9,female,Romania
Anis,Nessie,3.5,female,Bulgaria
Fabiola,Joy,5,male,Bulgaria
Darian,Janeczka,6.3,male,Ungaria
Terrence,Constance,9,female,Bulgaria
Cadmar,Sonni,5.2,male,Moldova
Tayib,Amara,2.4,female,Ucraina
Rodmann,Paola,5.4,female,Ungaria
Flyn,Modestia,6.7,male,Ucraina
Hillel,Berta,7.9,male,Ungaria
Suzetta,Cyndie,8.7,male,Moldova
Bivins,Roberta,7.6,female,Ucraina
Shields,Betta,8.3,female,Romania
Carmena,Betta,8,male,Ungaria
Howlyn,Elfreda,5.9,male,Ucraina
Brady,Silvana,2.8,female,Bulgaria
Read,Caritta,9.9,male,Romania
Danby,Pearline,8.6,male,Romania
Winthorpe,Marleah,2.1,female,Bulgaria
Kaja,Konstance,4.3,male,Bulgaria
Aida,Briney,1.1,male,Ucraina
Cleavland,Nelle,2.7,male,Ucraina
Georgy,Dari,3.7,female,Ungaria
Holtz,Karolina,6.6,male,Ungaria
Manolo,Merle,7,female,Moldova
Pierette,Alisha,3.7,female,Romania
Beniamino,Minda,1.7,male,Romania
Lane,Daune,1.9,female,Bulgaria
Phi,Corly,3.6,male,Moldova
Arquit,Odessa,7.1,female,Bulgaria
Rheingold,Lenna,9.8,male,Moldova
Nicoline,Jorry,5.2,male,Ucraina
Chrystel,Briney,6,male,Ungaria
McLaughlin,Randa,5,male,Bulgaria
Peonir,Lulita,4.8,male,Ucraina
Baptlsta,Kate,4.4,male,Ungaria
Riva,Tressa,2.1,male,Moldova
Kamaria,Jaclyn,8.2,female,Moldova
Bury,Teriann,5.2,female,Bulgaria
Jacobah,Leeanne,3.3,male,Romania
Hachmin,Eadie,5.8,male,Romania
Curren,Kalina,8.8,female,Moldova
Fosque,Carly,2.7,male,Ucraina
Agle,Cristine,3.2,female,Ungaria
Solitta,Maisey,7.9,male,Bulgaria
Himelman,Amii,7.4,male,Moldova
Ambrosia,Rosabelle,5.9,male,Moldova
Merna,Tobe,5.4,male,Romania
MacIntosh,Marnia,5.3,female,Romania
Herrera,Tressa,6.2,male,Romania
Atcliffe,Hayley,9.2,male,Bulgaria
Bari,Verla,1.4,female,Ungaria
Myrilla,Minda,3.2,male,Moldova
Gaspard,Rhoda,7,male,Romania
Devlen,Agathe,4.3,female,Romania
Joseph,Dione,5.6,male,Bulgaria
Jorgan,Correy,1.8,female,Ungaria
Jeanne,Bertine,9.5,female,Moldova
Noman,Minne,9.5,female,Moldova
Frodi,Sadie,4.6,female,Bulgaria
Standing,Ottilie,9.6,male,Romania
Yuille,Lilith,6,female,Moldova
Seessel,Joceline,9,male,Moldova
Slifka,Ernesta,4.3,female,Ungaria
Parette,Ardys,2.2,male,Ungaria
Ciro,Reeba,3.7,male,Ucraina
Gower,Juliane,6.4,female,Ungaria
Kellby,Nita,4,female,Ungaria
Toni,Coral,7.7,female,Moldova
Uird,Marnia,8.5,male,Ucraina
Bibi,Ursulina,1.9,female,Bulgaria
Atcliffe,Kimberley,4.9,male,Ucraina
Buffum,Gianina,9.9,male,Ungaria
Raffo,Lindie,7.6,male,Ungaria
Corilla,Ida,1.4,male,Moldova
Kannry,Stephanie,4.8,male,Bulgaria
Baylor,Bibby,4.8,female,Romania
Smitt,Tami,3.7,female,Bulgaria
Hazlett,Jemie,6.1,female,Ungaria
Reinke,Flory,2.5,male,Moldova
Sperling,Chastity,4.6,male,Moldova
Haymes,Renie,7.6,male,Ucraina
Katrine,Trixi,4,male,Moldova
Berl,Estell,2.6,female,Romania
Helfand,Beatriz,8.9,female,Ucraina
Nisbet,Steffane,3.4,female,Romania
Shanley,Merrie,7.1,female,Romania
Tufts,Melanie,2.6,male,Romania
Geffner,Feliza,7,female,Ucraina
Dominy,Zaria,4.1,male,Ucraina
Cath,Emelina,3.6,female,Romania
Ingra,Nerta,9.2,male,Moldova
Solitta,Chloris,5.2,female,Ucraina
Hilbert,Karolina,1.6,female,Ucraina
Olnee,Jerry,1.9,male,Ungaria
Tybald,Marline,9,male,Moldova
Karna,Allyce,8.3,male,Ungaria
Klotz,Paulita,2.2,female,Romania
Scammon,Dennie,8.5,female,Bulgaria
Duwalt,Sybille,6.4,female,Bulgaria
Yusuk,Debee,1.6,female,Ungaria
Loring,Joeann,7,male,Moldova
Hoban,Corly,9.9,male,Moldova
Hamil,Jan,5.9,male,Moldova
Fredi,Emelina,4.1,male,Moldova
Berriman,Mariele,9.3,female,Moldova
Evangelia,Rosaline,7.1,female,Moldova
Ochs,Loree,9.8,male,Ucraina
Monk,Yetty,8.8,female,Bulgaria
Constancy,Meghann,4.8,female,Moldova
Nore,Leona,1.6,male,Ucraina
Isacco,Gusty,8.6,male,Romania
Tristram,Candy,5.4,male,Ungaria
Wareing,Jorry,7.1,male,Moldova
Japeth,Collen,8.8,female,Bulgaria
Ammann,Livvyy,2.5,female,Ucraina
Tyson,Angelique,1.4,male,Ungaria
Fredi,Kalina,2.3,male,Ungaria
Kiersten,Ofilia,5.8,female,Moldova
Shaver,Elfreda,1.5,female,Ungaria
Cornelia,Roberta,1.7,female,Bulgaria
Chaing,Iseabal,9.3,female,Moldova
Idelia,Claudina,1.4,female,Romania
Rosette,Mariele,5.3,male,Ucraina
Jillane,Cassandra,4.3,male,Ungaria
Nickola,Cathie,9.3,male,Moldova
Neils,Ginnie,4,female,Moldova
Gerge,Lita,5.2,female,Ucraina
Rese,Ernesta,5.3,male,Romania
Hedve,Elfreda,7,female,Ucraina
Felizio,Gavrielle,2.7,male,Moldova
Emanuel,Gabriellia,7,male,Romania
Aurelio,Tatiania,8.4,female,Ungaria
Hull,Angelique,8.8,male,Ungaria
Stanwood,Elvira,8.2,female,Ucraina
Francyne,Meg,9.8,male,Ucraina
Shaddock,Tera,8.3,male,Bulgaria
Schwejda,Susan,5.1,male,Bulgaria
Thema,Evita,9.4,male,Romania
Norrie,Madeleine,3.9,female,Moldova
Caitlin,Gwyneth,7.8,male,Moldova
Devlen,Ebonee,5.7,male,Moldova
Joeann,Lynnea,6.1,female,Moldova
Thad,Loree,4.1,male,Bulgaria
Lemuela,Jean,3.3,female,Ungaria
Thomasina,Meghann,6.6,female,Romania
Bigner,Dione,4.6,female,Ungaria
Kaja,Bernardine,1.9,male,Ucraina
Gower,Lanae,4.9,male,Ucraina
Havens,Di,6.2,male,Ucraina
Buttaro,Queenie,5.8,male,Ungaria
Jary,Corina,6.6,female,Romania
Raseda,Alyda,3,female,Ungaria
Anselmi,Dacia,6.7,male,Moldova
Croix,Jany,3,female,Moldova
Haerr,Vevay,4.4,female,Ungaria
Pascia,Felice,3.6,female,Ungaria
Selway,Cyndie,4.2,male,Moldova
Mallon,Drucie,8.5,female,Ungaria
Papageno,Fanny,6.4,female,Bulgaria
Blase,Jasmina,6.7,male,Ungaria
Alexandr,Maye,10,female,Romania
Payson,Camile,6.7,female,Bulgaria
Winthorpe,Elfreda,9.7,male,Moldova
Stephie,Morganica,3.1,male,Ungaria
Michella,Cecile,2.2,male,Romania
Holtz,Lory,4.9,female,Bulgaria
Brenn,Drucie,9.1,male,Moldova
Howlyn,Marsiella,1.3,female,Moldova
Callista,Cassandra,2.1,male,Ucraina
Bivins,Giustina,9.7,female,Romania
Rurik,Gretal,9.4,female,Romania
Fink,Kate,8.7,male,Ucraina
Janene,Bertine,3.7,female,Ungaria
Kendrick,Rhea,4.2,female,Moldova
Daveta,Lynde,1.3,female,Bulgaria
Dominy,Edyth,8.2,female,Ungaria
Marisa,Jacquetta,8.7,female,Moldova
Moseley,Marinna,6.5,female,Ungaria
Prouty,Nicoli,8.7,female,Ungaria
Rogerio,Alie,9.5,female,Ungaria
Mike,Dolli,7.8,female,Bulgaria
Anestassia,Lila,8.2,female,Ucraina
Frodi,Jany,6.6,female,Bulgaria
Bronk,Rozele,4.1,male,Ucraina
Wittie,Cassandra,4.1,male,Ucraina
Therine,Gwenneth,4,male,Ungaria
Cimbura,Cissiee,1.6,female,Ungaria
Quent,Natka,5.8,female,Romania
Frendel,Mireielle,5.5,male,Bulgaria
Audly,Sheree,2.1,male,Romania
Granoff,Clo,4.6,female,Romania
Nicoline,Phylis,3.6,male,Romania
Deny,Roz,5.1,female,Ucraina
Isidore,Charissa,6.5,female,Ungaria
Shelba,Elise,3.1,female,Bulgaria
Ethban,Gertrud,5.8,female,Moldova
Winthorpe,Doralynne,1.2,male,Romania
Colleen,Alyda,6.6,male,Ungaria
Dawkins,Merci,6.9,male,Bulgaria
Cleo,Celene,6.8,female,Ungaria
Dituri,Jinny,4.7,female,Moldova
Margret,Jacenta,9.3,male,Moldova
Yoko,Genevra,9,female,Ungaria
Durware,Kayla,6.9,male,Ucraina
Dawkins,Marti,3.5,female,Ungaria
Monk,Miquela,2.1,male,Romania
Kolnick,Rosaline,9.9,male,Ucraina
Ricarda,Rhea,7.4,male,Bulgaria
Ivens,Leona,2.7,male,Bulgaria
Autrey,Cathyleen,2.9,female,Ungaria
Haerr,Gusty,9.9,male,Romania
Decato,Teddie,4.1,male,Romania
Niles,Natka,8.9,male,Ungaria
Connelly,Raina,2.8,female,Moldova
Maxi,Merci,3.2,female,Bulgaria
Secrest,Jackie,7.5,female,Ucraina
Sammons,Ezmeralda,7.2,female,Moldova
Malanie,Linet,6.6,female,Romania
Laurianne,Darci,4.9,male,Ungaria
Sperling,Doralynne,6.3,male,Moldova
Brady,Caryl,7.5,female,Moldova
Tarrant,Rubie,9.4,female,Romania
Mendez,Tamqrah,8.9,male,Ucraina
Center,Bibby,7.1,male,Ucraina
Keily,Vita,7.2,female,Ucraina
Joachim,Flo,3.5,female,Ucraina
Boehike,Penelopa,2.7,female,Bulgaria
Halla,Camile,9.2,male,Romania
Rodmann,Thalia,4.4,female,Bulgaria
Lubin,Barbara,4,male,Romania
Vary,Paule,4,female,Bulgaria
Zenas,Calla,1.5,female,Romania
Gale,Dorthy,2.1,female,Ucraina
Beebe,Romona,2.5,female,Ucraina
Rudolph,Chloris,6,female,Moldova
Goerke,Cordi,8.7,male,Romania
Colp,Modestia,8,female,Moldova
Merriott,Alyssa,5.9,female,Ucraina
Greyson,Gertrud,7.5,female,Moldova
Dermott,Dotty,1.4,female,Ungaria
Goldina,Sonni,4.9,male,Bulgaria
Wandie,Glynnis,8.7,female,Ungaria
Alexandr,Miquela,4.7,female,Moldova
Sidonius,Shaylyn,5.6,female,Moldova
Kunin,Kayla,3.7,female,Romania
Donoghue,Annice,1.7,male,Ungaria
Mathilde,Lindie,8.1,male,Ungaria
Guildroy,Eadie,8.8,female,Ucraina
Iphlgenia,Cathie,7.7,female,Moldova
Hashim,Rebeca,5.2,male,Bulgaria
Roxanna,Brana,4.7,male,Romania
Lesley,Annecorinne,8,female,Ucraina
Niles,Carol-Jean,1.7,male,Ucraina
Lewes,Ezmeralda,8.3,female,Moldova
Oriana,Hildegaard,3.2,female,Romania
Noman,Audrie,2.5,male,Moldova
Kinnard,Giustina,9.3,male,Moldova
Ax,Lorenza,4.2,female,Ucraina
Wareing,Florencia,8.4,male,Bulgaria
Ader,Sandie,4.6,male,Romania
Markman,Tera,1.6,female,Ungaria
Carleen,Annabela,2.8,male,Romania
Sancho,Demetris,6.1,female,Moldova
Lalitta,Phylis,4.7,male,Moldova
Chesna,Aurore,4.9,female,Ucraina
Roscoe,Ida,3.5,female,Ungaria
Baudin,Andree,4.3,male,Ucraina
Keily,Deedee,5.6,male,Ucraina
Sandye,Barbara,9.3,male,Ucraina
Dorine,Imojean,1.6,female,Bulgaria
Elvyn,Oralee,3.6,male,Bulgaria
Jalbert,Dorothy,4.9,female,Moldova
Shirberg,Dominga,3.6,male,Ucraina
Suzetta,Bernardine,7.3,male,Moldova
Meli,Vere,8.9,female,Ucraina
Borrell,Corina,5.1,male,Bulgaria
Andrel,Zaria,8.7,female,Bulgaria
Presber,Sashenka,2.7,female,Bulgaria
Yuille,Gertrud,3.9,female,Romania
Jerald,Bibby,8.9,female,Ucraina
Evangelia,Aurelie,3.3,female,Moldova
McLaughlin,Georgetta,5.9,male,Moldova
Schwejda,Isa,5.9,female,Ucraina
Oster,Tybie,8.2,male,Romania
Vanni,Debee,7,female,Romania
Sancho,Flo,3.1,female,Romania
Robertson,Gisela,7,female,Moldova
Rudolph,Kirbee,3.6,female,Bulgaria
Lail,Emma,4.6,female,Ungaria
Iiette,Pollyanna,2.7,female,Romania
Berriman,Emylee,7.6,female,Romania
Kosey,Paule,2,female,Ucraina
Arvo,Shaylyn,8.6,male,Ungaria
Buttaro,Karolina,4.7,male,Bulgaria
Lattie,Merry,3.9,male,Moldova
Montgomery,Reeba,5.1,male,Ungaria
Diann,Josephine,7.2,female,Moldova
Kat,Constance,6.3,female,Moldova
Levey,Karena,2.6,male,Moldova
Chandler,Darci,3.9,male,Moldova
Nahum,Daryl,5.3,male,Moldova
Naashom,Rosabelle,8.2,male,Bulgaria
Bohlin,Nariko,7.3,female,Romania
McClimans,Kayla,3.3,female,Ucraina
Bouchard,Gaylene,5.7,female,Ungaria
Schroth,Bertine,1,female,Bulgaria
Katrine,Joceline,1.9,female,Ungaria
Vorster,Barbara,7.2,female,Moldova
Hartnett,Brietta,6.9,male,Ucraina
Karylin,Rosene,7,female,Ungaria
Edmund,Brena,3.5,male,Ungaria
Nore,Bernie,4.8,male,Ucraina
Munn,Elsie,3.1,female,Romania
Corabella,Lesly,5.6,male,Moldova
Gino,Phedra,8.4,female,Ungaria
Primalia,Kathi,7.7,female,Ucraina
Catie,Cindelyn,5.8,female,Ucraina
Munn,Tomasina,6.1,female,Ungaria
Rocray,Merci,1.1,female,Bulgaria
Odysseus,Laure,5,male,Romania
Buffum,Layla,6.1,male,Ungaria
Thema,Flory,8.4,female,Moldova
Swigart,Kaja,5.9,female,Bulgaria
Bartlett,Amelia,9,female,Romania
Anastatius,Lanna,7.1,female,Romania
Gherardo,Tina,8,female,Ucraina
Japeth,Raf,4.3,male,Ucraina
Alice,Eugine,5.5,female,Bulgaria
Erich,Ivett,3.6,female,Moldova
Rona,Margalo,6.6,female,Ucraina
Roarke,Ofilia,6.9,female,Moldova
LaRue,Thalia,1.8,female,Ucraina
Mathilde,Genovera,9.3,female,Romania
Ammann,Myriam,3.5,female,Romania
Japeth,Shandie,9.3,male,Romania
Hubert,Lynde,3.3,male,Romania
Bendick,Nyssa,8.1,female,Ucraina
Mullane,Juliane,2.6,male,Bulgaria
Silvan,Dione,9.3,male,Romania
Gombach,Bobbi,4.5,male,Romania
Nore,Gaylene,3.9,male,Romania
Carvey,Anallese,5.9,male,Ungaria
Kannry,Lynnea,8.6,female,Romania
Daniele,Lynea,9,female,Ucraina
Lesley,Janeczka,5.2,female,Romania
Eugenia,Regina,7,female,Ucraina
Karl,Maridel,3.6,female,Ucraina
Jorgan,Roslyn,7.6,female,Bulgaria
Cookie,Carmela,1,female,Bulgaria
Charmine,Lulita,7.9,male,Ucraina
Liva,Arlina,1.4,male,Ucraina
Colbert,Keelia,4.7,female,Bulgaria
Koziara,Britni,8.2,male,Ungaria
Naashom,Yolane,7.3,female,Romania
Simmonds,Silvana,3.1,male,Ucraina
Roxanna,Myrtice,5.3,male,Romania
Arvo,Antonietta,1.8,male,Romania
Thar,Marleah,8.8,female,Romania
Vittoria,Keelia,5.4,male,Bulgaria
Tannie,Candi,8.6,male,Moldova
Anselmi,Catrina,5.2,female,Ungaria
Haymes,Jeanna,7.6,female,Ucraina
Teryn,Margarette,4.5,female,Bulgaria
Prouty,Stevana,8.3,male,Ucraina
Doig,Raf,4.7,female,Ucraina
Dorcy,Catrina,7.5,female,Ungaria
Jeanne,Jacquetta,6.1,female,Moldova
Lesley,Dolli,8.2,male,Moldova
Even,Ashlee,8.5,male,Ucraina
Naor,Felice,7.2,male,Ungaria
Odysseus,Dolli,7.8,male,Bulgaria
Juan,Belva,8.9,male,Ungaria
Ashely,Aaren,1.2,male,Moldova
Lunsford,Ninnetta,8.7,male,Ungaria
Suanne,Bertine,3.5,male,Moldova
Kimmie,Emelina,7.9,female,Ucraina
Goode,Paule,5.2,male,Ungaria
Kendrick,Adele,9.1,female,Ungaria
Ferrell,Nyssa,4,female,Moldova
Abernon,Margarette,1.5,male,Bulgaria
Jalbert,Courtnay,3.8,female,Romania
Pacorro,Teddie,4.9,male,Ucraina
Infield,Kylynn,7.5,female,Ucraina
Wattenberg,Mireielle,7.4,male,Ucraina
McNully,Corry,8,male,Ungaria
Hachmin,Sabina,9.5,female,Bulgaria
Greenwald,Deedee,6.9,male,Moldova
Barney,Barbara,4.1,female,Ungaria
Colyer,Michaelina,5.7,female,Romania
Nunci,Carilyn,7.2,female,Ucraina
Brackely,Barbara,7.8,female,Ungaria
Maisey,Aurelie,8.9,female,Ucraina
Thad,Natka,5.5,male,Romania
Sadowski,Lorenza,2.3,male,Ungaria
Sammons,Inga,1.5,female,Moldova
Pearse,Marnia,7.6,male,Ungaria
Martsen,Bertine,3.7,male,Ungaria
Morgun,Cecile,2.7,female,Bulgaria
Elephus,Ivett,8,female,Moldova
Daveta,Binny,4.5,female,Ungaria
Avi,Antonietta,6.4,male,Ucraina
Lacombe,Charmaine,4.7,male,Romania
Hoban,Annecorinne,8.7,female,Ucraina
Ietta,Barbi,8.8,female,Bulgaria
Arvo,Audrie,7.3,male,Romania
Tryck,Roberta,9.9,female,Ucraina
Quent,Bernardine,7.4,male,Ucraina
Leler,Josephine,4.5,female,Ucraina
Joachim,Andeee,7.3,male,Moldova
Kesley,Annecorinne,4.4,male,Romania
Libna,Meg,1,female,Bulgaria
Gerge,Ronna,5,male,Ungaria
Granoff,Aryn,3.7,male,Ucraina
Chobot,Sallie,9.1,female,Moldova
Tatianas,Sean,9.6,female,Bulgaria
Secrest,Joy,2.1,female,Romania
Orpah,Ida,1.1,female,Ucraina
Hourigan,Christal,7.5,female,Ungaria
Jobi,Tomasina,6.7,male,Ucraina
Blisse,Sibella,9.7,male,Bulgaria
Kelula,Tybie,6,male,Moldova
Rodmann,Jorry,2.9,female,Bulgaria
Jena,Caressa,7,male,Romania
Ardeha,Shandie,5.4,female,Bulgaria
Hunfredo,Norine,8.6,male,Ucraina
Waldron,Marylou,5.3,male,Ungaria
Burnside,Gratia,1.1,female,Ungaria
MacIntosh,Etta,8.6,female,Romania
Palocz,Bernie,4.4,female,Romania
Sisile,Frances,5.3,male,Moldova
Emmy,Nananne,3.1,female,Ucraina
Claudine,Melanie,7.3,female,Romania
Zetta,Doralynne,8.4,male,Moldova
Rugen,Dulcinea,4.3,male,Ungaria
Estella,Gabriellia,3.8,female,Moldova
Gaynor,Dennie,9.2,female,Ucraina
Stephie,Allyce,9.6,female,Ungaria
Hanleigh,Theodora,7,male,Bulgaria
Greyson,Frieda,8.5,male,Romania
Berard,Doralynne,7.2,male,Bulgaria
Gerge,Ivett,7.7,female,Bulgaria
Callista,Queenie,1.1,male,Bulgaria
Nunci,Rhoda,8.5,male,Moldova
Jacqui,Annecorinne,9.5,male,Ucraina
Han,Jeanna,7.4,female,Ungaria
Rillings,Corina,2,male,Bulgaria
Lubin,Florencia,4.5,female,Moldova
Dimitris,Eve,9,female,Moldova
Pandolfi,Tiffie,6.1,female,Ungaria
Martsen,Almeta,4.2,male,Ungaria
Dorine,Ada,8.8,male,Ucraina
Dalli,Celestyna,1.3,female,Moldova
Barbey,Eve,6.9,male,Ucraina
Borrell,Catrina,2.3,male,Ucraina
Demitria,June,8.1,male,Ungaria
McLaughlin,Norine,2.9,male,Bulgaria
Miru,Maryellen,8.8,male,Romania
Melleta,Jerry,3.6,female,Romania
Ciro,Gilligan,8.7,female,Moldova
Woodberry,Meriel,2.4,female,Ucraina
Wallis,Daphne,4.3,male,Ungaria
Germann,Allyce,5.2,female,Ucraina
Lareena,Shauna,5,female,Ucraina
Lutero,Alex,3.6,male,Ungaria
Chabot,Desirae,1.6,female,Ucraina
Syd,Caryl,6.8,male,Romania
Ilka,Nonnah,9.1,female,Ucraina
Larochelle,Ilse,9.1,male,Ungaria
Huggins,Andree,1.8,female,Ungaria
Wiener,Annora,6.7,female,Ungaria
Simmonds,Dede,1.7,male,Moldova
Goddard,Ursulina,6.9,female,Ucraina
Palocz,Blinni,5.4,male,Bulgaria
Joseph,Kirstin,1.4,male,Bulgaria
Thomasina,Peri,1.6,male,Romania
Lareena,Inga,6.7,female,Moldova
Zenas,Dione,7,male,Romania
Lilybelle,Darlleen,3.8,female,Ungaria
Albertine,Ashlee,2.5,female,Bulgaria
Camden,Kenna,5.1,male,Romania
Othilia,Kary,6.1,female,Bulgaria
Goth,Feliza,8.2,female,Ucraina
Erich,Lynnea,6.3,male,Romania
Dom,Adelle,7.1,female,Ungaria
Yate,Edith,9.3,female,Moldova
Seumas,Norine,4.3,male,Ungaria
Delp,Jere,2.4,female,Moldova
Liva,Jessy,4.3,female,Romania
Mott,Carree,6.2,male,Moldova
Allina,Lucy,3.4,male,Romania
Raffo,Chere,3,female,Ucraina
Parsaye,Giustina,8.2,male,Ucraina
Sparhawk,Suzette,2.5,female,Romania
Anselmi,Cindelyn,8.9,male,Ungaria
Helve,Celestyna,7.2,male,Ungaria
Donell,Orsola,1.3,female,Ungaria
Faro,Fanchon,8.4,female,Romania
Solitta,Briney,5.4,female,Ungaria
Bahr,Lacie,8,female,Moldova
Gwenore,Arlina,6.8,male,Romania
Socha,Jillayne,4.1,male,Ungaria
Boycey,Sindee,3.6,male,Bulgaria
Fulmer,Lanna,1,female,Bulgaria
Colleen,Brandise,1.2,female,Moldova
Poppy,Tani,8.5,female,Bulgaria
Jacqui,Ayn,5.7,female,Romania
Herrera,Emylee,4.3,male,Bulgaria
Maples,Lynea,4.6,male,Ungaria
Bryna,Carilyn,4.9,male,Romania
Cleo,Nelle,4.9,female,Ungaria
Blisse,Renie,6.2,male,Moldova
Seligman,Katleen,4.8,male,Bulgaria
Amand,Kylynn,9,female,Moldova
Tannie,Nadine,8.7,male,Moldova
Emanuel,Hollie,4.3,female,Bulgaria
Orelee,Addia,5.1,female,Ungaria
Johanna,Di,4.7,male,Moldova
Uird,Carlie,4.6,female,Bulgaria
Isacco,Dari,6.7,male,Ucraina
Teryn,Yvonne,7.8,female,Ucraina
Tremayne,Justinn,8.3,male,Moldova
Docilla,Winifred,2.6,female,Romania
Iphlgenia,Eve,8.3,female,Romania
Croix,Paulita,8.6,female,Moldova
Fabiola,Tami,9.6,male,Moldova
Dielu,Catrina,6.2,male,Ucraina
Toffic,Gusella,9.3,male,Ungaria
Cavan,Caryl,2.4,female,Bulgaria
Delp,Vita,1.7,male,Bulgaria
My,Nonnah,7.2,female,Ucraina
Denis,Blake,6.7,female,Moldova
Dreda,Perry,3.9,female,Ungaria
Paine,Yvonne,2.2,male,Bulgaria
Zola,Caryl,9,female,Romania
Ackerley,Nickie,5.8,male,Ungaria
Raul,Genovera,2.8,male,Ungaria
Anis,Olwen,7.3,female,Bulgaria
Sasnett,Florie,1.5,female,Ucraina
Cressida,Beatriz,8.9,female,Ucraina
Dannye,Celestyna,2.7,female,Bulgaria
Byrne,Alejandra,8.5,female,Bulgaria
Alrich,Dode,5.3,male,Bulgaria
Hanshaw,Kylynn,5.9,female,Ucraina
Adore,Sarette,3.3,female,Ungaria
Gaynor,Gusty,5.8,female,Moldova
Hathaway,Neila,6.5,male,Ungaria
Donoghue,Helsa,5.6,male,Ungaria
Han,Randa,2.1,female,Romania
Kaete,Di,5.6,female,Ungaria
Fiester,Gavrielle,7.2,female,Bulgaria
Libna,Meriel,7.8,male,Moldova
Guthrie,Ayn,3.8,male,Moldova
Auberbach,Kathy,3.9,male,Ungaria
Edison,Felice,8.3,female,Moldova
Milson,Ann-Marie,9.8,female,Ungaria
Bertold,Cassondra,6.4,female,Moldova
Madelene,Edith,2.8,male,Bulgaria
Baudin,Emylee,3.6,male,Romania
Sprage,Ellette,2.2,male,Ungaria
Kevon,Amelia,6.7,male,Romania
Pozzy,Maridel,9.4,female,Ungaria
Matthew,Elie,6.9,female,Bulgaria
Stephie,Paulita,3.6,male,Ucraina
Alice,Ulrike,2.1,female,Moldova
Delacourt,Berget,3.8,female,Bulgaria
Flyn,Tori,7.8,male,Moldova
Munn,Christy,5,female,Ucraina
Phaidra,Emma,2.4,female,Ungaria
Wolfgram,Leeanne,4.6,female,Ungaria
Yate,Raf,9.8,male,Bulgaria
Chauncey,Perry,9.2,male,Ucraina
Rustice,Almeta,2.5,male,Ungaria
Fontana,Eve,1.6,female,Romania
Dahlia,Tersina,1.1,female,Ungaria
Poll,Elka,1.2,male,Ucraina
Fennessy,Danika,3.7,female,Ungaria
Firmin,Sam,2.8,female,Ucraina
Olympium,Phylis,5.9,male,Bulgaria
Love,Jennica,6.6,female,Bulgaria
Sabella,Desirae,8.6,male,Ungaria
Sherrie,Dawn,5.4,male,Ucraina
Weide,Violet,8.4,female,Ucraina
Jacinda,Etta,3,male,Romania
Raama,Lacie,4.5,male,Ungaria
Geffner,Cam,6.7,female,Ucraina
Hanleigh,Priscilla,6.8,female,Ungaria
Fiester,Loree,8,female,Moldova
Linehan,Ardeen,2.8,male,Moldova
Sammons,Evita,5.1,male,Bulgaria
Mathilde,Maurene,9.1,female,Moldova
Chobot,Myriam,3.8,female,Ucraina
Albertine,Quintina,4.7,male,Ungaria
Lea,Miquela,5.9,male,Ungaria
Weaks,Evita,8.7,female,Ungaria
Kendrick,Elsie,4.7,female,Ungaria
Secrest,Dawn,8,male,Ucraina
Liva,Gerianna,7.2,male,Moldova
Daegal,Molli,9.5,male,Ucraina
Vilma,Merry,9.5,female,Ungaria
Manolo,Carmela,2.2,male,Ungaria
Mata,Candi,3,female,Ungaria
Ackerley,Caritta,1.5,male,Bulgaria
Masao,Lenna,8.7,female,Bulgaria
Bobbee,Shaine,7.2,male,Ungaria
Ariella,Elmira,7.2,male,Moldova
Colyer,Dagmar,4.2,male,Romania
Herrera,Tobe,2.5,male,Bulgaria
Mitzi,Shannah,1.2,male,Ungaria
Woodberry,Kathi,7.4,male,Ucraina
Martguerita,Georgetta,2.5,male,Ucraina
Wilkinson,Dale,6.9,female,Moldova
Redmond,Marsiella,1.5,female,Bulgaria
Bethany,Marylou,7.1,male,Bulgaria
Nea,Brana,2.4,male,Ungaria
Pitt,Siana,5.8,female,Moldova
Melan,Zia,5.3,male,Moldova
Larochelle,Andeee,5.6,male,Ucraina
Yuille,Dawn,4.3,male,Moldova
Shuler,Shannah,6.3,male,Romania
Odell,Lyssa,6.2,male,Moldova
Evangelia,Antonietta,9.9,male,Ucraina
Yusuk,Keelia,4.2,female,Ucraina
Thad,Jerry,5.3,female,Romania
Ursulette,Taffy,1.3,male,Ucraina
Dyche,Jemie,9.5,female,Ucraina
Ummersen,Dyann,9,male,Bulgaria
Viddah,Caressa,5.2,female,Ungaria
Cadmar,Teddie,2.1,male,Moldova
Obed,Sibella,6.6,female,Romania
Ajay,Joane,9.7,female,Ucraina
Constancy,Jennica,4.3,female,Romania
Erskine,Clary,8.6,male,Ungaria
Randene,Roxane,5.1,female,Ungaria
Si,Gusty,6.1,male,Bulgaria
Joni,Olivette,3.9,male,Ungaria
Kalinda,Raquela,7.8,female,Moldova
Burnside,Carolina,7.4,male,Ungaria
Darrell,Therine,2.7,male,Moldova
Waite,Selia,2.1,male,Bulgaria
Kermit,Vevay,8.4,male,Bulgaria
Danby,Frances,5.2,male,Bulgaria
Wandie,Stacey,4.3,female,Ungaria
Jaylene,Andeee,1.2,female,Romania
Westphal,Bertine,1.1,male,Ungaria
Standing,Betta,2.8,female,Moldova
Havens,Vevay,2.1,male,Moldova
Dannye,Kassey,8.5,female,Bulgaria
Niles,Fayre,4.4,male,Ucraina
Ietta,Jean,6.8,female,Bulgaria
Tamsky,Georgina,7.7,male,Ucraina
Pernick,Joeann,9.9,female,Bulgaria
Ietta,Robbi,9.4,female,Ungaria
Gualtiero,Jerry,4.2,female,Ungaria
Pond,Sue,1.2,male,Bulgaria
Damarra,Bibby,7.7,female,Moldova
O'Rourke,Madelle,5.5,female,Bulgaria
Markman,Justinn,5.1,male,Romania
Bach,Cherilyn,7.5,male,Ucraina
Breed,Courtnay,7.3,male,Ucraina
Raseda,Caryl,5.4,female,Moldova
Cath,Arabel,9.6,female,Ucraina
Adrienne,Norine,7.5,male,Ucraina
Suzetta,Hermione,4.6,female,Moldova
Kimmie,Kaja,7.5,female,Ungaria
Mayeda,Hyacinthe,2.5,male,Moldova
Lacombe,Peri,6.4,male,Moldova
Duwalt,Delilah,7.7,male,Romania
Riordan,Agnese,8.4,male,Ungaria
Kendrick,Gusty,9.8,female,Romania
Japeth,Clo,2.1,male,Ungaria
Taima,Joy,4.7,male,Romania
Arne,Carlie,2.7,female,Ucraina
Strephon,Nelle,8.3,female,Moldova
Hortensia,Zia,3.2,male,Bulgaria
Dawkins,Doralynne,5.5,female,Bulgaria
Bonilla,Nessie,1.8,female,Ucraina
Koziara,Deedee,9.2,male,Romania
Candy,Robinia,5.8,female,Ucraina
Karylin,June,9.8,female,Ungaria
Freddi,Fanchon,7,female,Moldova
Rhu,Roz,7.9,female,Ungaria
Kermit,Feliza,7.9,female,Ungaria
Willie,Alleen,4.9,male,Bulgaria
Nadia,Anica,8.8,male,Romania
Gamaliel,Kellen,1.7,male,Moldova
Naashom,Elvira,9.1,male,Ucraina
Hartnett,Collen,1.3,male,Bulgaria
Philoo,Kassey,1.7,female,Bulgaria
Israeli,Mariann,5.8,male,Moldova
Arne,Melanie,4.9,female,Moldova
Ethban,Melodie,1.8,male,Romania
Ashely,Jolyn,3,female,Romania
Tippets,Susan,2.6,female,Ungaria
Izaak,Karlee,4.2,male,Ungaria
Seligman,Christy,9.2,female,Moldova
Voletta,Mahalia,3,male,Moldova
Gaspard,Allis,6.1,female,Bulgaria
Fontana,Merrie,9.3,male,Ucraina
Alwin,Netty,5.2,male,Romania
Christal,Arlena,7.6,male,Ucraina
Yate,Gabi,2.8,male,Ucraina
Waldron,Heida,6.3,male,Ucraina
Suk,Meriel,8.5,female,Ungaria
Jehu,Marguerite,6.7,male,Bulgaria
Neils,Larine,6.4,female,Ungaria
Nedrud,Lyssa,3.5,male,Ucraina
Vharat,Starla,9.4,female,Bulgaria
Persse,Alejandra,7.2,male,Moldova
Stilwell,Nikki,5.8,female,Moldova
Bethany,Aili,6.2,male,Moldova
Eldrid,Lonnie,8,female,Ucraina
McCutcheon,Carly,9.3,male,Ucraina
Raychel,Beth,6.9,female,Ucraina
Lucienne,Karena,4.9,female,Ungaria
Uird,Trudie,9.1,female,Bulgaria
Callista,Fayre,8.8,male,Ungaria
Denis,Annice,3.5,male,Ungaria
Emmy,Rosaline,7.5,female,Ucraina
Devlen,Gisela,4.8,female,Moldova
Croix,Belva,7.7,female,Ucraina
Fadiman,Candy,8.3,male,Ungaria
Shirberg,Janeczka,7.2,female,Ucraina
Cullin,Darlleen,7.4,male,Bulgaria
Mullane,Aubrie,9.8,male,Bulgaria
Neva,Orsola,5,male,Ucraina
Crudden,Sandie,7.9,female,Ucraina
Shuler,Damaris,5.3,female,Romania
Chapland,Mathilda,4.3,female,Ucraina
Sinegold,Peri,9.5,male,Ucraina
Stelle,Binny,8.9,female,Ungaria
Liva,Flory,3.9,female,Moldova
Sigfrid,Kellen,9.6,male,Moldova
Anton,Marline,1.3,male,Ungaria
Stelle,Ann-Marie,6,male,Ungaria
Juliet,Cyb,8.6,male,Ucraina
Dermott,Wilma,6.9,male,Romania
Pip,Cristine,7.2,male,Ucraina
Gerge,Claudina,2.4,male,Moldova
Levey,Eugine,2.5,male,Ungaria
Suzetta,Caressa,2.5,female,Ucraina
Cleo,Correy,2.5,male,Ucraina
Cleavland,Ellette,5.2,male,Moldova
Kirbee,Daphne,6.8,male,Moldova
Melony,Lelah,4.4,male,Ucraina
Belanger,Almeta,7.5,male,Romania
Guthrie,Valli,4.4,male,Bulgaria
Laverne,Reeba,4.9,female,Ungaria
Grayce,Gusty,9.2,female,Bulgaria
Libna,Robbi,2.1,female,Ungaria
Thilda,Benita,9.2,female,Moldova
Gino,Hettie,3.5,female,Romania
Soneson,Georgina,5.2,male,Bulgaria
Lutero,Wanda,1.1,male,Ungaria
Rugen,Karena,7.8,male,Moldova
Sandye,Kenna,5.9,male,Ungaria
Gino,Nickie,3.1,male,Moldova
Seligman,Darlleen,5.6,female,Romania
Winnick,Fanchon,4.2,female,Bulgaria
Greenwald,Kassey,7.5,male,Ucraina
Skell,Elena,5.2,female,Romania
Gaynor,Natka,3.2,male,Ungaria
Sheedy,Myrtice,3.6,female,Romania
Nedrud,Carolina,3.9,male,Moldova
Harday,Malina,8.5,female,Ucraina
Halla,Ardeen,4.2,male,Ungaria
Briney,Cherilyn,4,male,Ucraina
Romelda,Korrie,4.8,female,Ungaria
Hillel,Gaylene,7.7,female,Ucraina
Wildermuth,Beth,1.7,female,Ungaria
Mayeda,Eolanda,4.2,female,Moldova
Abernon,Candy,8.7,male,Moldova
Bury,Monika,6.1,male,Ucraina
Skurnik,Arlena,8.7,female,Moldova
Tound,Gale,4.1,male,Moldova
Lail,Kristina,9.2,female,Ungaria
Jerald,Anallese,6.1,male,Ungaria
Nadia,Sonni,4.5,female,Bulgaria
Concha,Frank,9.5,male,Ucraina
Brady,Flory,6.9,female,Romania
Zamora,Peri,4.4,male,Ucraina
Moseley,Priscilla,5.1,female,Ungaria
Orelee,Caritta,9.8,female,Bulgaria
Fancie,Monika,8.1,female,Ucraina
Evangelia,Georgetta,1.9,male,Romania
Dichy,Perry,1.6,male,Romania
Ellerey,Lyssa,8.5,female,Moldova
Harl,Tierney,8.3,female,Ucraina
Madelene,Amelia,9.6,male,Ungaria
Wiener,Leontine,4.9,male,Moldova
Garrison,Annice,2,female,Romania
Engdahl,Barbara,1.1,male,Romania
Terencio,Queenie,7.9,female,Ucraina
Maples,Jorry,7.1,female,Romania
Valoniah,Chastity,3.6,male,Ungaria
Noman,Nananne,2.7,male,Ucraina
Vivle,Gwyneth,6.5,male,Bulgaria
Cordi,Kellen,3,male,Ucraina
Bethany,Valli,6.5,male,Bulgaria
Friede,Cacilie,1.5,female,Ucraina
Gino,Janis,3.4,female,Moldova
Gerge,Mariele,6.8,female,Ungaria
Gino,Estell,4.1,female,Moldova
Chaing,Norine,3.4,female,Ungaria
Albertine,Gilligan,9.5,female,Moldova
Haerr,Beverley,6.5,female,Ucraina
Gordon,Mady,8.7,female,Romania
Earlie,Lilith,6.7,female,Moldova
Stilwell,Joceline,8.2,male,Bulgaria
Wandie,Catrina,3.2,female,Bulgaria
Juliet,Maurene,8.1,female,Moldova
Riva,Wynne,4.4,male,Ucraina
Tillford,Linzy,7.7,male,Ucraina
Cleavland,Candy,2.7,male,Moldova
Dalli,Shirlee,6.6,female,Moldova
Urania,Aryn,8.8,female,Bulgaria
Klemperer,Meghann,8.8,female,Ungaria
Liva,Lorie,7.3,male,Romania
Jacqui,Charmaine,8.7,male,Romania
Lane,Starla,3.6,male,Ungaria
Douglass,Jenilee,9.7,male,Bulgaria
Noman,Susan,6.7,male,Romania
Sammons,Clo,6.3,female,Bulgaria
Maurine,Myrtice,3.5,male,Bulgaria
Ezar,Fayre,9.5,male,Moldova
Truc,Ana,5.7,female,Romania
Skell,Gwyneth,1.4,male,Moldova
Natica,Elora,8.3,female,Bulgaria
Gemini,Mellicent,3.9,female,Bulgaria
Vharat,Sabina,7.2,female,Ucraina
Irmine,Kayla,5.9,male,Bulgaria
Birdella,Michaelina,2,male,Moldova
Parette,Gusella,8.7,male,Bulgaria
Robertson,Lyssa,7,male,Moldova
Yerkovich,Jackie,8.8,female,Ungaria
Vilma,Arlena,1.6,female,Romania
Brenn,Dione,3.4,male,Ungaria
Koehler,Marline,8.9,male,Ucraina
MacIntosh,Viviene,1,male,Romania
Cath,Gisela,3.5,male,Romania
Celestine,Tina,4.5,male,Moldova
Dawkins,Allis,7.8,male,Ungaria
Wattenberg,Orsola,6.9,female,Moldova
Mathilde,Sherrie,6.5,female,Romania
Delacourt,Frances,7.7,male,Ungaria
Philoo,Marita,4.3,male,Moldova
Kussell,Asia,4,female,Ungaria
Yam,Deane,2.7,female,Moldova
Grosz,Angela,1.8,female,Ucraina